model,mae_s,mae_min,rmse_s,rmse_min,r2,within15
GraphSAGE + GBM,39.31661419793527,0.6552769032989212,87.71795634985301,1.4619659391642168,0.9800286988018335,59.58722632826663
